{"stats":{"minecraft:dropped":{"minecraft:dirt":1,"minecraft:wheat_seeds":1,"minecraft:feather":1,"minecraft:arrow":1,"minecraft:bone":2},"minecraft:custom":{"minecraft:time_since_rest":620,"minecraft:sprint_one_cm":31514,"minecraft:damage_taken":265,"minecraft:walk_one_cm":20098,"minecraft:mob_kills":3,"minecraft:drop":5,"minecraft:damage_dealt":226,"minecraft:fly_one_cm":28251,"minecraft:open_chest":3,"minecraft:crouch_one_cm":1314,"minecraft:play_time":8724,"minecraft:deaths":1,"minecraft:sneak_time":342,"minecraft:jump":166,"minecraft:interact_with_brewingstand":1,"minecraft:leave_game":3,"minecraft:time_since_death":0,"minecraft:climb_one_cm":1514,"minecraft:total_world_time":8724,"minecraft:fall_one_cm":4072},"minecraft:killed":{"minecraft:cow":2},"minecraft:used":{"minecraft:light_gray_carpet":1,"minecraft:dirt":18,"minecraft:beef":3,"minecraft:white_carpet":1,"minecraft:splash_potion":1},"minecraft:mined":{"minecraft:large_fern":22,"minecraft:light_gray_carpet":1,"minecraft:white_carpet":1,"minecraft:spruce_log":1,"minecraft:grass_block":6,"minecraft:dirt":13,"minecraft:spruce_leaves":2,"minecraft:fern":6},"minecraft:picked_up":{"minecraft:feather":1,"minecraft:leather":3,"minecraft:spruce_log":1,"minecraft:dirt":19,"minecraft:white_carpet":1,"minecraft:arrow":1,"minecraft:bone":2,"minecraft:wheat_seeds":1,"minecraft:beef":5,"minecraft:light_gray_carpet":1,"minecraft:mutton":10,"minecraft:white_wool":8},"minecraft:killed_by":{"minecraft:zombie":1}},"DataVersion":3953}