{"stats":{"minecraft:dropped":{"minecraft:feather":1,"minecraft:wheat_seeds":1},"minecraft:custom":{"minecraft:time_since_rest":7521,"minecraft:crouch_one_cm":1314,"minecraft:sprint_one_cm":28257,"minecraft:play_time":7521,"minecraft:damage_taken":65,"minecraft:walk_one_cm":17846,"minecraft:sneak_time":342,"minecraft:mob_kills":2,"minecraft:drop":2,"minecraft:jump":137,"minecraft:interact_with_brewingstand":1,"minecraft:damage_dealt":179,"minecraft:leave_game":2,"minecraft:time_since_death":7521,"minecraft:climb_one_cm":1514,"minecraft:total_world_time":7521,"minecraft:fall_one_cm":3445,"minecraft:fly_one_cm":23664,"minecraft:open_chest":3},"minecraft:killed":{"minecraft:cow":2},"minecraft:used":{"minecraft:dirt":18,"minecraft:beef":3,"minecraft:white_carpet":1,"minecraft:light_gray_carpet":1,"minecraft:splash_potion":1},"minecraft:mined":{"minecraft:large_fern":22,"minecraft:light_gray_carpet":1,"minecraft:grass_block":5,"minecraft:dirt":13,"minecraft:white_carpet":1,"minecraft:spruce_leaves":2,"minecraft:spruce_log":1,"minecraft:fern":6},"minecraft:picked_up":{"minecraft:white_carpet":1,"minecraft:feather":1,"minecraft:leather":3,"minecraft:wheat_seeds":1,"minecraft:beef":5,"minecraft:spruce_log":1,"minecraft:light_gray_carpet":1,"minecraft:white_wool":8,"minecraft:mutton":10,"minecraft:dirt":18}},"DataVersion":3953}